priority,type,name,platform,public_reach_snapshot,fit_5,reach_5,access_5,influence_role,recommended_stage,outreach_angle,contact_or_entry,language_gate,risk_or_note,source,last_checked
A1,Creator,Borscht & Blade,YouTube,"Small / exact-fit; live reach not verified",5,1,4,"Product feedback; core credibility",Private stable demo,"Battle Brothers/Wartales-adjacent mechanics review","https://www.youtube.com/@borscht_and_blade",Private English disclosure; Ukrainian public copy later,"Treat as specialist influence, not mass reach","https://www.reddit.com/r/reddit_ukr/comments/1kijqga",2026-08-01
A1,Creator,zombieVegas UA,YouTube,"1.3k subscribers; 90.6k lifetime views",5,2,4,"Product feedback; niche conversion",Private stable demo,"Tactical RPG and roguelike pacing diagnosis","https://www.youtube.com/channel/UC_3mBOq0pq00QOXxrpMFhZg",Private English disclosure; Ukrainian public copy later,"Directory metrics are snapshots","https://manifest.in.ua/c/zombievegas-ua/",2026-08-01
A1,Creator,Twaryna,Twitch,"68k followers; 262k H1 2026 hours watched",4,4,3,"Live strategy discovery; core credibility",Public stable demo,"Formation, morale, roster and route decisions for HoMM viewers","https://www.twitch.tv/twaryna",Ukrainian creator kit before public push,"Strategy-adjacent, not exact; build must be streamer-safe","https://twitchua.com/rating",2026-08-01
A1,Creator,Ukrainian Geek,"YouTube / Twitch / Discord / Telegram","33.8k YouTube subscribers; 7.1m lifetime views",4,4,5,"Bridge from niche test to broad discovery",Public stable demo,"Hands-on preview with honest language roadmap","https://youtube.com/@ukrainiangeek",Ukrainian creator kit required,"Generalist; send polished public assets","https://manifest.in.ua/c/ukrainian-geek/",2026-08-01
A2,Creator,Теорія Ігор,YouTube,"10.6k subscribers; 761.8k lifetime views",4,3,4,"Thoughtful niche-game credibility",Public demo,"Interesting tactics or run-design thesis","https://www.youtube.com/channel/UCUZ1OQmxTIE0uEHplDe7ptg",Ukrainian creator kit required,"Personalize around actual essay or niche coverage","https://manifest.in.ua/c/teoriya-igor/",2026-08-01
A2,Creator,Dice & Bones,YouTube,"13k subscribers; 1.57m lifetime views",4,3,3,"Tabletop crossover; narrative-system feedback",Public demo or feature milestone,"Scars, conscience, character choices and lasting consequences","https://manifest.in.ua/c/dice-bones/",Ukrainian creator kit required,"Thematic fit is higher than direct PC-game conversion","https://manifest.in.ua/c/dice-bones/",2026-08-01
A2,Creator,TheDrotUA,YouTube,"Approx. 7.2k subscribers; verify live",4,2,3,"Tabletop readability; Ukrainian play culture",Public demo or feature milestone,"Board-game readability and mercenary character systems","https://www.youtube.com/channel/UC4CllAHgOMFPQEBgTw-InAA/featured",Ukrainian creator kit required,"Cached directory metrics varied; verify before outreach","https://manifest.in.ua/c/thedrotua-nastilni-igry-ukrayinskoyu/",2026-08-01
A2,Creator,LEBED93,Twitch,"46k followers; 156k H1 2026 hours watched",3,3,3,"Card-strategy/run-choice adjacency",Public demo after niche proof,"Stream-readable route and reward decisions","https://www.twitch.tv/lebed93",Ukrainian creator kit required,"Hearthstone adjacency only; validate fit first","https://twitchua.com/rating",2026-08-01
B,Creator,OLDboi,YouTube,"219k subscribers; 36.6m lifetime views",3,5,4,"Broad awareness; localization credibility",Launch or major public beat,"Polished demo plus credible Ukrainian-localization news","https://www.youtube.com/user/SatyricEvil",Ukrainian creator kit and real news beat required,"High reach does not guarantee tactical-RPG conversion","https://manifest.in.ua/c/https-www-youtube-com-user-satyricevil/",2026-08-01
B,Creator,Nika Karuso,"YouTube / Twitch / Discord","Approx. 298k subscribers; 71.6m lifetime views",2,5,4,"Broad entertainment reach",Launch after streamability proof,"Emergent dark humor, ugly mercenaries and awful decisions","https://www.youtube.com/channel/UC2za5Rfuwa4J90AALNgatUg",Ukrainian creator kit required,"Approach only when clips are funny without explanation","https://manifest.in.ua/rt/play/",2026-08-01
B,Creator,GameWiz UA,YouTube,"62.1k subscribers; 4.5m lifetime views",3,4,3,"Lore and dark-fantasy discovery",World identity / launch milestone,"Distinctive low-magic factions and world hook","https://www.youtube.com/channel/UC0oV5AB5brvWxTlLfl4OP7Q",Ukrainian creator kit required,"Lore needs to be distinctive; do not lead with prototype mechanics","https://manifest.in.ua/c/gamewiz-ua/",2026-08-01
B,Creator,Nikattica,YouTube,"43.5k subscribers; 3.1m lifetime views",3,4,3,"News and review amplification",Launch or major update,"Clear news hook and polished demo","https://www.youtube.com/channel/UCchqjd075pFPrZbh89tuYdQ",Ukrainian creator kit required,"Generalist fit; needs a timely reason for coverage","https://manifest.in.ua/c/nikattica/",2026-08-01
B,Creator,шивчук,YouTube,"41.1k subscribers; 2.9m views across 76 videos",3,4,3,"Selective high-engagement review",Launch-quality demo,"Personalized pitch built around the finished experience","https://www.youtube.com/channel/UCgYpqgVAc-TZTo2Z1H_AS8g",Ukrainian creator kit required,"High editorial/polish threshold; do not cold-key blast","https://manifest.in.ua/c/shyvchuk/",2026-08-01
B,Creator,Я — Тадаші,YouTube,"30.6k subscribers; 2.24m lifetime views",3,3,3,"News and review amplification",Launch or major update,"Clear release beat and concise tactics hook","https://manifest.in.ua/c/ya-tadashi/",Ukrainian creator kit required,"Broad rather than tactics-specific","https://manifest.in.ua/c/ya-tadashi/",2026-08-01
B,Creator,PressX UA,YouTube,"23.3k subscribers; 1.4m views across 21 videos",3,4,2,"Selective game/company essay exposure",Launch-quality milestone,"A strong design or production story","https://manifest.in.ua/c/pressx-ua/",Ukrainian creator kit required,"Low publishing frequency and very high editorial bar","https://manifest.in.ua/c/pressx-ua/",2026-08-01
C,Creator,Kaskad Sandri,YouTube,"5.6k subscribers in third-party snapshot",4,2,2,"Strategy/RPG niche coverage",Verify activity first,"Tactical RPG relevance","https://open.subsub.io/channels/kassander13/view",Ukrainian creator kit if active,"Last upload found was 2025-10-26; likely inactive","https://open.subsub.io/channels/kassander13/view",2026-08-01
C,Creator,thetremba,Twitch,"164k followers; 1.1m H1 2026 hours watched",1,5,3,"Broad live awareness",Only after proven broad appeal,"No recommended first-wave angle","https://www.twitch.tv/thetremba",Ukrainian creator kit required,"Just Chatting is a weak product fit","https://twitchua.com/rating",2026-08-01
A1,Community,Ukrainian Gamers Community,Discord,"6,663 members; 1,501 online",4,4,4,"Broad community recruitment and discovery",Admin-approved closed test then public demo,"Opt-in tactics/RPG tester call","https://discord.com/servers/ukrainian-gamers-community-205691838760353792",Ukrainian public post required,"Ukrainian-only; ask admins before promotion","https://discord.com/servers/ukrainian-gamers-community-205691838760353792",2026-08-01
A1,Community,INRIUM,"Discord / website","3,800 Discord members; 70k messages in 2024",5,3,4,"Narrative and tabletop product feedback",Private demo,"Character scars, company conscience and grim choices","https://discord.com/invite/inrium",Native-reviewed admin request,"Nonprofit; no ad dump; respect anti-Russian-origin and copyright rules","https://inrium.org.ua/about?modal=login",2026-08-01
A1,Community,Ukrainian Localization,Discord,"2,088 members; 225 online",5,3,5,"Localization architecture; translators; linguistic QA",Now for scoped advice; later for QA,"Avoid font, grammar and workflow mistakes before translation","https://discord.com/servers/ukrayinska-lokalizaciya-548610311028998331",Bilingual private contact acceptable,"Do not ask for free translation; bring a concrete string workflow","https://discord.com/servers/ukrayinska-lokalizaciya-548610311028998331",2026-08-01
A1,Community,HUC — Heroic United Community,"Website / streams / tournaments","Active HoMM III events in July 2026",4,3,4,"Strategy feedback and community credibility",Private or public stable demo,"Formation, morale, roster and map decisions","https://www.huc.com.ua/",Native-reviewed admin request,"HoMM adjacency rather than exact fit","https://www.huc.com.ua/",2026-08-01
A1,Media,GameKombo,"Website / Discord / Telegram","Community reports 1,000+ gamers",4,3,5,"Ukrainian demo news; review; community discovery",Public demo,"Indie tactics preview with transparent language roadmap","https://gamekombo.com/contacts/",Ukrainian press note required,"Database rejects demos/prototypes; use editorial route; no Russian-origin/support projects","https://gamekombo.com/about/",2026-08-01
A1,Media,PlayUA,"Website / YouTube / Twitch / social","Established Ukrainian games media; live reach varies",4,4,5,"Editorial credibility and multi-platform distribution",Public polished demo,"Compact tactics hook and honest Ukrainian-language roadmap","https://playua.net/adv/",Ukrainian press note required,"Arrange keys first; follow partnership rules; no Russian-origin/support products","https://playua.net/about/",2026-08-01
A2,Community,Градієнт / Gradient,Discord,"4,226 members; 209 online",3,3,4,"Mixed gaming and tabletop test pool",Stable beta or public demo,"Admin-approved tactics/tabletop tester call","https://discord.com/servers/662607250723962900",Ukrainian public post required,"Weekly-event community; ask admins","https://discord.com/servers/662607250723962900",2026-08-01
A2,Community,Ukrainian Gaming Society,Discord,"1,430 members; 174 online",3,2,4,"Broad gaming and creator discovery",Public demo,"Admin-approved indie demo introduction","https://discord.com/servers/ukrainian-gaming-society-667001725273505831",Ukrainian public post required,"Broad community; confirm the right channel","https://discord.com/servers/ukrainian-gaming-society-667001725273505831",2026-08-01
A2,Localization,KULI,Steam curator,"3,650 followers; 1,737 catalog results at check",5,3,4,"Localized-game discovery and credibility",Official Ukrainian build,"Official Ukrainian localization listing/curation","https://store.steampowered.com/curator/44691570/",Full Ukrainian build required,"Not a pre-localization acquisition channel","https://store.steampowered.com/curator/44691570/",2026-08-01
A2,Localization,UnlocTeam,Localization team,"82 translated projects claimed in 2026 directory",5,2,4,"Professional translation and QA",Localization scoping,"Request portfolio, quote, capacity and update support","https://kuli.com.ua/translators",Contracted localization,"Verify current capacity and relevant genre experience","https://kuli.com.ua/translators",2026-08-01
A2,Localization,SBT Localization,"Localization team / Discord","50+ games and 10m+ words claimed in directory",5,2,5,"Professional translation and QA",Localization scoping,"Request portfolio, quote, capacity and update support","https://discord.gg/2XUCFA7",Contracted localization,"Verify current capacity and relevant genre experience","https://kuli.com.ua/translators",2026-08-01
B,Community,Steam Ukraine,"Steam group / Discord","645 members; 243 online at check",3,2,4,"Steam-native public discovery",Public Steam demo,"Direct Steam demo and feedback post","https://steamcommunity.com/groups/steamukraine",English permitted; Ukrainian preferred,"Wait for public page; verify posting rules","https://steamcommunity.com/groups/steamukraine",2026-08-01
B,Developer community,Igrovari,"Website / Discord / video / social","Active channels; public member count not used",3,2,4,"Ukrainian developer peer advice and introductions",Development milestone,"Share genuine lessons or ask for peer feedback","https://ihrovary.in.ua/",Ukrainian preferred,"Not a primary consumer-acquisition list","https://ihrovary.in.ua/",2026-08-01
B,Media,GameDev DOU,Website,"Industry audience; public reach varies",2,3,4,"Developer ecosystem and industry coverage",Genuine development story,"Technical postmortem, hiring or notable milestone","https://gamedev.dou.ua/",Ukrainian editorial pitch preferred,"Not a consumer conversion channel","https://gamedev.dou.ua/",2026-08-01
B,Community,r/UA_Gamers,Reddit,"Live community size/activity varies",3,3,2,"Public discussion and feedback",Conditional public demo,"Ask moderators whether project qualifies before posting","https://www.reddit.com/r/UA_Gamers/",Ukrainian public post required,"Observed rule favors Ukrainian games/original content and limits promotion; eligibility uncertain","https://www.reddit.com/r/UA_Gamers/comments/1v90v7e/removed_by_moderator/",2026-08-01
B,Ecosystem,Ukrainian Games Festival,Steam festival,"2025: 2.4m page views; 350+ participants",4,5,2,"Major ecosystem visibility",Conditional festival application,"Apply only if developer eligibility is genuinely met","https://ukrainian.games/festival",Ukrainian-facing assets recommended,"For Ukrainian developers; do not misrepresent Grimtoll","https://ukrainian.games/festival",2026-08-01
C,Community,KOLO UA,Discord,"2,073 members; 368 online",1,3,4,"Broad community reach",Only after proven broader appeal,"Possible general indie post with admin approval","https://discord.com/servers/kolo-ua-1393526366200135793",Ukrainian public post required,"Strongest activity appears CS2, Dead by Daylight and party games","https://discord.com/servers/kolo-ua-1393526366200135793",2026-08-01
C,Discovery,Manifest,Website directory,"Large Ukrainian creator directory",3,2,5,"Creator discovery and metric refresh",Research only,"Use to discover and re-verify creators","https://manifest.in.ua/rt/play/",Not applicable,"Directory is not itself an outreach target; figures may lag live platforms","https://manifest.in.ua/rt/game-reviews/",2026-08-01
C,Localization discovery,GameKombo localizer directory,Website,"50+ teams and individuals cataloged",4,2,5,"Localization vendor discovery",Localization scoping,"Build a paid shortlist and request quotes","https://gamekombo.com/articles/ukrainian-game-localizers/",Not applicable,"Directory inclusion is not a quality guarantee","https://gamekombo.com/articles/ukrainian-game-localizers/",2026-08-01
